{"cameraMode":{"drawMode":0,"name":"Shaded","section":"Shading Mode"},"sceneLighting":false,"audioPlay":false,"sceneViewState":{"m_AlwaysRefresh":true,"showFog":true,"showSkybox":false,"showFlares":true,"showImageEffects":true,"showParticleSystems":true,"showVisualEffectGraphs":true,"m_FxEnabled":true},"in2DMode":false,"pivot":{"x":-0.07330608367919922,"y":1.3832988739013672,"z":-0.2055072784423828},"rotation":{"x":0.006481592543423176,"y":0.9897420406341553,"z":-0.1347743719816208,"w":0.051466818898916247},"size":20.32880973815918,"orthographic":false}