{"cameraMode":{"drawMode":0,"name":"Shaded","section":"Shading Mode"},"sceneLighting":false,"audioPlay":false,"sceneViewState":{"showFog":true,"showMaterialUpdate":true,"showSkybox":false,"showFlares":true,"showImageEffects":true,"showParticleSystems":true},"in2DMode":false,"pivot":{"x":-12.750171661376954,"y":5.6628217697143559,"z":6.02154541015625},"rotation":{"x":-0.03189568221569061,"y":-0.8773666024208069,"z":0.05979997292160988,"w":-0.4753867983818054},"size":0.8660253882408142,"orthographic":false}