{"cameraMode":{"drawMode":0,"name":"Shaded","section":"Shading Mode"},"sceneLighting":true,"audioPlay":false,"sceneViewState":{"showFog":true,"showMaterialUpdate":true,"showSkybox":true,"showFlares":true,"showImageEffects":true,"showParticleSystems":true},"in2DMode":false,"pivot":{"x":-16.2830753326416,"y":29.001232147216798,"z":10.55321216583252},"rotation":{"x":0.16257691383361817,"y":0.8194993138313294,"z":-0.2840038239955902,"w":0.47091513872146609},"size":10.920249938964844,"orthographic":false}