{"cameraMode":{"drawMode":0,"name":"Shaded","section":"Shading Mode"},"sceneLighting":false,"audioPlay":false,"sceneViewState":{"showFog":true,"showMaterialUpdate":true,"showSkybox":false,"showFlares":true,"showImageEffects":true,"showParticleSystems":true},"in2DMode":false,"pivot":{"x":-12.893362998962403,"y":5.570054531097412,"z":13.278451919555664},"rotation":{"x":0.0661565363407135,"y":0.8774957060813904,"z":-0.12772461771965028,"w":0.45792803168296816},"size":1.224745273590088,"orthographic":false}