{"cameraMode":{"drawMode":0,"name":"Shaded","section":"Shading Mode"},"sceneLighting":false,"audioPlay":false,"sceneViewState":{"showFog":true,"showMaterialUpdate":true,"showSkybox":false,"showFlares":true,"showImageEffects":true,"showParticleSystems":true},"in2DMode":false,"pivot":{"x":0.039366722106933597,"y":1.7246960401535035,"z":1.1702367067337037},"rotation":{"x":-0.010197058320045472,"y":0.9879049062728882,"z":-0.07002923637628555,"w":-0.139269158244133},"size":4.898979663848877,"orthographic":false}