{"cameraMode":{"drawMode":0,"name":"Shaded","section":"Shading Mode"},"sceneLighting":false,"audioPlay":false,"sceneViewState":{"showFog":true,"showMaterialUpdate":true,"showSkybox":false,"showFlares":true,"showImageEffects":true,"showParticleSystems":true},"in2DMode":false,"pivot":{"x":769.8644409179688,"y":500.4629821777344,"z":-6.18231201171875},"rotation":{"x":0.08544410020112992,"y":-0.07764001190662384,"z":0.006678108125925064,"w":0.9932933449745178},"size":365.92315673828127,"orthographic":false}