{"cameraMode":{"drawMode":0,"name":"Shaded","section":"Shading Mode"},"sceneLighting":true,"audioPlay":false,"sceneViewState":{"showFog":true,"showMaterialUpdate":true,"showSkybox":false,"showFlares":true,"showImageEffects":true,"showParticleSystems":true},"in2DMode":false,"pivot":{"x":-3.18254017829895,"y":-0.2664030194282532,"z":-5.168033123016357},"rotation":{"x":-0.004335438366979361,"y":0.9726794958114624,"z":-0.016252465546131135,"w":-0.2324793040752411},"size":6.928203105926514,"orthographic":false}