{"cameraMode":{"drawMode":0,"name":"Shaded","section":"Shading Mode"},"sceneLighting":false,"audioPlay":false,"sceneViewState":{"showFog":true,"showMaterialUpdate":true,"showSkybox":false,"showFlares":true,"showImageEffects":true,"showParticleSystems":true},"in2DMode":false,"pivot":{"x":1.8849478960037232,"y":4.399219036102295,"z":2.104853391647339},"rotation":{"x":0.06387126445770264,"y":0.9336965084075928,"z":-0.28008002042770388,"w":0.21472708880901338},"size":4.598979473114014,"orthographic":false}