{"cameraMode":{"drawMode":0,"name":"Shaded","section":"Shading Mode"},"sceneLighting":true,"audioPlay":false,"sceneViewState":{"showFog":true,"showMaterialUpdate":true,"showSkybox":false,"showFlares":true,"showImageEffects":true,"showParticleSystems":true},"in2DMode":false,"pivot":{"x":-0.6566437482833862,"y":0.5330139994621277,"z":1.6235276460647584},"rotation":{"x":-0.002617589896544814,"y":0.9709910750389099,"z":-0.008948258124291897,"w":-0.2397623062133789},"size":6.928203105926514,"orthographic":false}