{"cameraMode":{"drawMode":0,"name":"Shaded","section":"Shading Mode"},"sceneLighting":false,"audioPlay":false,"sceneViewState":{"showFog":true,"showMaterialUpdate":true,"showSkybox":false,"showFlares":true,"showImageEffects":true,"showParticleSystems":true},"in2DMode":false,"pivot":{"x":-9.899230003356934,"y":3.86855411529541,"z":0.9850196838378906},"rotation":{"x":0.12514200806617738,"y":0.80439293384552,"z":-0.18336376547813416,"w":0.5514558553695679},"size":6.928203105926514,"orthographic":false}