{"cameraMode":{"drawMode":0,"name":"Shaded","section":"Shading Mode"},"sceneLighting":false,"audioPlay":false,"sceneViewState":{"m_AlwaysRefresh":true,"showFog":true,"showSkybox":false,"showFlares":true,"showImageEffects":true,"showParticleSystems":true,"showVisualEffectGraphs":true,"m_FxEnabled":true},"in2DMode":false,"pivot":{"x":0.5691733956336975,"y":5.101166725158691,"z":2.9618170261383058},"rotation":{"x":0.006481592543423176,"y":0.9897420406341553,"z":-0.1347743719816208,"w":0.051466818898916247},"size":6.928203105926514,"orthographic":false}