{"cameraMode":{"drawMode":0,"name":"Shaded","section":"Shading Mode"},"sceneLighting":false,"audioPlay":false,"sceneViewState":{"m_AlwaysRefresh":true,"showFog":true,"showSkybox":false,"showFlares":true,"showImageEffects":true,"showParticleSystems":true,"showVisualEffectGraphs":true,"m_FxEnabled":true},"in2DMode":false,"pivot":{"x":-1.2421305179595948,"y":11.653761863708496,"z":-4.398157596588135},"rotation":{"x":0.5209425687789917,"y":-0.004635545425117016,"z":0.0021496142726391556,"w":0.853858470916748},"size":4.898979663848877,"orthographic":false}