{"cameraMode":{"drawMode":0,"name":"Shaded","section":"Shading Mode"},"sceneLighting":false,"audioPlay":false,"sceneViewState":{"m_AlwaysRefresh":true,"showFog":true,"showSkybox":false,"showFlares":true,"showImageEffects":true,"showParticleSystems":true,"showVisualEffectGraphs":true,"m_FxEnabled":true},"in2DMode":false,"pivot":{"x":1035.0069580078125,"y":792.0879516601563,"z":47.761474609375},"rotation":{"x":0.006106271408498287,"y":0.18880891799926759,"z":-0.0016771621303632856,"w":0.9822191596031189},"size":523.9222412109375,"orthographic":false}