{"cameraMode":{"drawMode":0,"name":"Shaded","section":"Shading Mode"},"sceneLighting":true,"audioPlay":false,"sceneViewState":{"m_AlwaysRefresh":true,"showFog":true,"showSkybox":true,"showFlares":true,"showImageEffects":true,"showParticleSystems":true,"showVisualEffectGraphs":true,"m_FxEnabled":true},"in2DMode":false,"pivot":{"x":318.6602478027344,"y":746.3153686523438,"z":-770.7847290039063},"rotation":{"x":-0.03714437037706375,"y":-0.30598247051239016,"z":0.012905312702059746,"w":-0.9514927268028259},"size":10.766393661499024,"orthographic":false}